{
    "u_mean": 0.8638208508491516,
    "v_mean": -0.00038965698331594467,
    "p_mean": -0.051256708800792694,
    "x_mean": -2.9021224690950476e-05,
    "y_mean": 3.7901559668540585e-10,
    "t_mean": 263.0869140625,
    "x_std": 1.1391794681549072,
    "y_std": 1.1391160488128662,
    "t_std": 1.8005658388137817,
    "u_std": 0.36775869131088257,
    "v_std": 0.316275030374527,
    "p_std": 0.2622213363647461,
    "ya0_mean": 0.25,
    "ya0_std": 1.0,
    "w0_mean": 1.0134221315383911,
    "w0_std": 1.0
}