{
    "u_mean": 0.8450620174407959,
    "v_mean": -7.462959183612838e-05,
    "p_mean": -0.058340415358543396,
    "x_mean": -2.9021224690950476e-05,
    "y_mean": 3.7901559668540585e-10,
    "t_mean": 263.1349182128906,
    "x_std": 1.1391794681549072,
    "y_std": 1.1391160488128662,
    "t_std": 1.800277590751648,
    "u_std": 0.38443490862846375,
    "v_std": 0.21846845746040344,
    "p_std": 0.22725030779838562,
    "ya0_mean": 0.05000000819563866,
    "ya0_std": 1.0,
    "w0_mean": 1.0134085416793823,
    "w0_std": 1.0
}