{
    "u_mean": 0.8660096526145935,
    "v_mean": 0.0007118656649254262,
    "p_mean": -0.06461814045906067,
    "x_mean": -2.9210892535047606e-05,
    "y_mean": -1.5153605037454554e-09,
    "t_mean": 263.3110046386719,
    "x_std": 1.1391770839691162,
    "y_std": 1.1391137838363647,
    "t_std": 1.9119352102279663,
    "u_std": 0.3742806315422058,
    "v_std": 0.3484255373477936,
    "p_std": 0.26016518473625183,
    "ya0_mean": 0.3499999940395355,
    "ya0_std": 1.0,
    "w0_mean": 0.9519968032836914,
    "w0_std": 1.0
}